{"countries":[{"name":"Algeria","code":"DZ"},{"name":"Argentina","code":"AR"},{"name":"Australia","code":"AU"},{"name":"Austria","code":"AT"},{"name":"Austria-Hungary"},{"name":"Austrian Empire"},{"name":"Azerbaijan","code":"AZ"},{"name":"Bangladesh","code":"BD"},{"name":"Barbados","code":"BB"},{"name":"Bavaria","code":"DE"},{"name":"Belarus","code":"BY"},{"name":"Belgian Congo","code":"CD"},{"name":"Belgium","code":"BE"},{"name":"Bosnia","code":"BA"},{"name":"Bosnia and Herzegovina","code":"BA"},{"name":"Brazil","code":"BR"},{"name":"British India","code":"IN"},{"name":"British Mandate of Palestine","code":"IL"},{"name":"British Protectorate of Palestine","code":"IL"},{"name":"British West Indies","code":"LC"},{"name":"Bulgaria","code":"BG"},{"name":"Burma","code":"MM"},{"name":"Canada","code":"CA"},{"name":"Chile","code":"CL"},{"name":"China","code":"CN"},{"name":"Colombia","code":"CO"},{"name":"Costa Rica","code":"CR"},{"name":"Crete","code":"GR"},{"name":"Croatia","code":"HR"},{"name":"Cyprus","code":"CY"},{"name":"Czech Republic","code":"CZ"},{"name":"Czechoslovakia","code":"CZ"},{"name":"Democratic Republic of the Congo","code":"CD"},{"name":"Democratic Republic of Vietnam","code":"VN"},{"name":"Denmark","code":"DK"},{"name":"East Friesland","code":"DE"},{"name":"East Germany","code":"DE"},{"name":"East Timor","code":"TL"},{"name":"Egypt","code":"EG"},{"name":"Ethiopia","code":"ET"},{"name":"Faroe Islands (Denmark)","code":"DK"},{"name":"Finland","code":"FI"},{"name":"France","code":"FR"},{"name":"Free City of Danzig","code":"PL"},{"name":"French Algeria","code":"DZ"},{"name":"Gabon","code":"GA"},{"name":"German-occupied Poland","code":"PL"},{"name":"Germany","code":"DE"},{"name":"Ghana","code":"GH"},{"name":"Gold Coast","code":"GH"},{"name":"Greece","code":"GR"},{"name":"Greenland","code":"GL"},{"name":"Guadeloupe Island","code":"GP"},{"name":"Guatemala","code":"GT"},{"name":"Hesse-Kassel","code":"DE"},{"name":"Hungarian Empire","code":"CZ"},{"name":"Hungary","code":"HU"},{"name":"Iceland","code":"IS"},{"name":"India","code":"IN"},{"name":"Indonesia","code":"ID"},{"name":"Iran","code":"IR"},{"name":"Iraq","code":"IQ"},{"name":"Ireland","code":"IE"},{"name":"Israel","code":"IL"},{"name":"Italy","code":"IT"},{"name":"Jamaica","code":"JM"},{"name":"Japan","code":"JP"},{"name":"Java, Dutch East Indies","code":"ID"},{"name":"Kenya","code":"KE"},{"name":"Korea","code":"BR"},{"name":"Latvia","code":"LV"},{"name":"Liberia","code":"LR"},{"name":"Lithuania","code":"LT"},{"name":"Luxembourg","code":"LU"},{"name":"Madagascar","code":"MG"},{"name":"Mauritius","code":"MU"},{"name":"Mecklenburg","code":"DE"},{"name":"Mexico","code":"MX"},{"name":"Morocco","code":"MA"},{"name":"Myanmar","code":"MM"},{"name":"New Zealand","code":"NZ"},{"name":"Nigeria","code":"NG"},{"name":"North Macedonia","code":"MK"},{"name":"Northern Ireland","code":"GB"},{"name":"Northern Rhodesia","code":"ZM"},{"name":"Norway","code":"NO"},{"name":"Ottoman Empire","code":"TR"},{"name":"Pakistan","code":"PK"},{"name":"Palestine","code":"US"},{"name":"Persia","code":"IR"},{"name":"Peru","code":"PE"},{"name":"Philippines","code":"PH"},{"name":"Poland","code":"PL"},{"name":"Poland, Russian Empire","code":"PL"},{"name":"Portugal","code":"PT"},{"name":"Prussia","code":"PL"},{"name":"Puerto Rico","code":"PR"},{"name":"Republic of Macedonia","code":"MK"},{"name":"Romania","code":"RO"},{"name":"Russia","code":"RU"},{"name":"Russia, Soviet Union","code":"RU"},{"name":"Russian Empire","code":"AZ"},{"name":"Saint Lucia","code":"LC"},{"name":"Schleswig","code":"DE"},{"name":"Scotland","code":"GB"},{"name":"Serbia","code":"RS"},{"name":"Singapore","code":"SG"},{"name":"Slovakia","code":"SK"},{"name":"Slovenia","code":"SI"},{"name":"South Africa","code":"ZA"},{"name":"South Korea","code":"KR"},{"name":"Southern Rhodesia","code":"ZW"},{"name":"Spain","code":"ES"},{"name":"Sweden","code":"SE"},{"name":"Switzerland","code":"CH"},{"name":"Taiwan","code":"TW"},{"name":"the Netherlands","code":"NL"},{"name":"Tibet","code":"CN"},{"name":"Trinidad and Tobago","code":"TT"},{"name":"Tunisia","code":"TN"},{"name":"Turkey","code":"TR"},{"name":"Tuscany","code":"IT"},{"name":"Ukraine","code":"UA"},{"name":"Union of South Africa","code":"ZA"},{"name":"United Kingdom","code":"GB"},{"name":"USA","code":"US"},{"name":"USSR","code":"RU"},{"name":"Venezuela","code":"VE"},{"name":"Vietnam","code":"VN"},{"name":"West Germany","code":"DE"},{"name":"W\u00fcrttemberg","code":"DE"},{"name":"Yemen","code":"YE"},{"name":"Yugoslavia","code":"YU"},{"name":"Zambia","code":"ZM"},{"name":"Zimbabwe","code":"ZW"}]}